{"cameraMode":{"drawMode":0,"name":"Shaded","section":"Shading Mode"},"sceneLighting":true,"audioPlay":false,"sceneViewState":{"m_AlwaysRefresh":false,"showFog":true,"showSkybox":true,"showFlares":true,"showImageEffects":true,"showParticleSystems":true,"showVisualEffectGraphs":true,"m_FxEnabled":true},"in2DMode":false,"pivot":{"x":13.648273468017579,"y":-10.539776802062989,"z":-40.92381286621094},"rotation":{"x":0.016719719395041467,"y":0.9832629561424255,"z":-0.12786489725112916,"w":0.1290455311536789},"size":28.402050018310548,"orthographic":false}